latitude,longitude,nbr of bikes,station name,city,company name
45.617499783128075,-73.60601127147675,0,Cégep Marie-Victorin,"Montréal, QC","Motivate International, Inc."
45.516926210319546,-73.56425732374191,6,Gare d'autocars de Montréal (Berri / Ontario),"Montréal, QC","Motivate International, Inc."
45.54154850456526,-73.56501236557959,3,Molson / William-Tremblay,"Montréal, QC","Motivate International, Inc."
45.506175841460966,-73.71118605136871,5,Ateliers municipaux de St-Laurent (Cavendish / Poirier),"Montréal, QC","Motivate International, Inc."
45.5129938566323,-73.68249848484993,0,Place Rodolphe-Rousseau (Gohier / Édouard-Laurin),"Montréal, QC","Motivate International, Inc."
45.51473429416659,-73.69144901633263,0,Centre des loisirs (Tassé / Grenet),"Montréal, QC","Motivate International, Inc."
45.52234149817879,-73.72167885303497,6,Parc Marlborough (Beauzèle / Robichaud),"Montréal, QC","Motivate International, Inc."
45.566869345371856,-73.64101678133011,8,Champdoré / de Lorimier,"Montréal, QC","Motivate International, Inc."
45.54813638885782,-73.62434014678001,0,Parc Villeray (Christophe-Colomb / Jarry),"Montréal, QC","Motivate International, Inc."
45.44791581215845,-73.58381867408752,4,Beurling / Godin,"Montréal, QC","Motivate International, Inc."
45.51293324107222,-73.63389015197754,14,Kirkfield / de Chambois,"Montréal, QC","Motivate International, Inc."
45.42947143740888,-73.59309915918857,2,Parc des Rapides (LaSalle / 6e avenue),"Montréal, QC","Motivate International, Inc."
45.52331869398737,-73.52012693881989,16,Métro Longueuil - Université de Sherbrooke,"Montréal, QC","Motivate International, Inc."
45.53368199320325,-73.51526074111462,8,St-Charles / Montarville,"Montréal, QC","Motivate International, Inc."
45.53722603812578,-73.49506705999374,8,Collège Édouard-Montpetit (de Gentilly / de Normandie),"Montréal, QC","Motivate International, Inc."
45.52841043752244,-73.51716578006744,3,Place Longueuil,"Montréal, QC","Motivate International, Inc."
45.46714,-73.54259,7,Place du Commerce,"Montréal, QC","Motivate International, Inc."
45.55321884238814,-73.53978216648102,9,Marché Maisonneuve,"Montréal, QC","Motivate International, Inc."
45.56493679334249,-73.5555911064148,0,Parc Maisonneuve (Viau / Sherbrooke),"Montréal, QC","Motivate International, Inc."
45.5057209331225,-73.62945914268494,13,Parc Kent (de Kent / Hudson),"Montréal, QC","Motivate International, Inc."
45.51016276368593,-73.55663707494385,8,Métro Champ-de-Mars (Viger / Sanguinet),"Montréal, QC","Motivate International, Inc."
45.52689,-73.57264,22,Rachel / de Brébeuf,"Montréal, QC","Motivate International, Inc."
45.65140583915357,-73.50041270256041,9,Aréna Rodrigue-Gilbert (du Tricentenaire / de Montigny),"Montréal, QC","Motivate International, Inc."
45.6062348,-73.6287838,11,Parc St-Laurent (Salk / Thomas-Chapais),"Montréal, QC","Motivate International, Inc."
45.50714391928411,-73.55511903762817,1,Notre-Dame / St-Gabriel,"Montréal, QC","Motivate International, Inc."
45.5063732,-73.52457672,7,Casino de Montréal,"Montréal, QC","Motivate International, Inc."
45.52156536710626,-73.53533238172531,8,La Ronde,"Montréal, QC","Motivate International, Inc."
45.45750908083069,-73.6394852399826,6,U. Concordia - Campus Loyola (Sherbrooke / West Broadway),"Montréal, QC","Motivate International, Inc."
45.47256100297732,-73.56998920440674,3,Parc Labelle (LaSalle / Henri-Duhamel),"Montréal, QC","Motivate International, Inc."
45.605901731906485,-73.53436946868896,2,des Ormeaux / de Grosbois,"Montréal, QC","Motivate International, Inc."
45.43914465255811,-73.59173655509949,4,Parc Reine-Élizabeth (Penniston / Crawford),"Montréal, QC","Motivate International, Inc."
45.471881993586074,-73.64002168178558,15,Parc de la Confédération (Fielding / West Hill),"Montréal, QC","Motivate International, Inc."
45.5534000891078,-73.66225451231003,1,Bibliothèque d'Ahuntsic (Lajeunesse / Fleury),"Montréal, QC","Motivate International, Inc."
45.57414703721992,-73.57462137937546,2,Centre ÉPIC (St-Zotique / 40e avenue),"Montréal, QC","Motivate International, Inc."
45.59722114932571,-73.56279015541077,2,Bélanger / des Galeries d'Anjou,"Montréal, QC","Motivate International, Inc."
45.55984236120471,-73.61544728279114,18,Cité des Arts du Cirque (Paul Boutet / des Regrattiers),"Montréal, QC","Motivate International, Inc."
45.554946972033726,-73.55529472231865,5,Jardin Botanique (Pie-IX / Sherbrooke),"Montréal, QC","Motivate International, Inc."
45.56833021674857,-73.56666326522826,9,Rosemont / Viau,"Montréal, QC","Motivate International, Inc."
45.43656827071224,-73.70836973190308,4,Parc Stoney-Point (St-Joseph / 47e avenue),"Montréal, QC","Motivate International, Inc."
45.43805550384184,-73.67273926734924,6,Parc LaSalle (10e avenue / Victoria),"Montréal, QC","Motivate International, Inc."
45.45682318753668,-73.546804189682,12,Elgar / de l'Île-des-Sœurs,"Montréal, QC","Motivate International, Inc."
45.489185716082275,-73.57190027832984,11,St-Jacques / des Seigneurs,"Montréal, QC","Motivate International, Inc."
45.52252484113786,-73.69143962860107,10,O'Brien / Poirier,"Montréal, QC","Motivate International, Inc."
45.50897852206792,-73.69856357574463,6,Thimens / Alexis-Nihon,"Montréal, QC","Motivate International, Inc."
45.50403766981151,-73.70444297790526,3,Bibliothèque du Boisé (Thimens / Todd),"Montréal, QC","Motivate International, Inc."
45.490494421832885,-73.63852232694626,15,Parc Van Horne (de la Peltrie / de Westbury),"Montréal, QC","Motivate International, Inc."
45.531943590076395,-73.71360540390015,9,Hôpital Sacré-Coeur (Forbes),"Montréal, QC","Motivate International, Inc."
45.480495143306044,-73.57782661914825,20,Atwater / Greene,"Montréal, QC","Motivate International, Inc."
45.4912258547597,-73.58763009309769,2,Atwater / Sherbrooke,"Montréal, QC","Motivate International, Inc."
45.59398503487043,-73.63767206668854,2,Mairie d'arrondissement Montréal-Nord (Hébert / de Charleroi),"Montréal, QC","Motivate International, Inc."
45.5457759528664,-73.56217458844185,9,Omer-Lavallée / du Midway,"Montréal, QC","Motivate International, Inc."
45.51758306374252,-73.72661411762238,11,Parc Noel-Nord (Toupin / Keller),"Montréal, QC","Motivate International, Inc."
45.51317758246596,-73.71306091547012,11,Parc du Bois-Franc (de l'Équateur / des Andes),"Montréal, QC","Motivate International, Inc."
45.43982382100397,-73.69487822055817,6,Parc Grovehill (St-Antoine / Ivan-Franko),"Montréal, QC","Motivate International, Inc."
45.6027276,-73.5579303,5,Bibliothèque Jean-Corbeil (Goncourt / Place Montrichard),"Montréal, QC","Motivate International, Inc."
45.610926628992026,-73.54673445224762,4,Aréna Chaumont (Chaumont / des Ormeaux),"Montréal, QC","Motivate International, Inc."
45.502989,-73.689113,15,Parc Chamberland (Dorais / de l'Église),"Montréal, QC","Motivate International, Inc."
45.43836713933041,-73.71546685695648,7,Parc Summerlea (53e avenue / St-Joseph),"Montréal, QC","Motivate International, Inc."
45.44606092178209,-73.65079946815968,9,Parc Kirkland (des Érables / Boyer),"Montréal, QC","Motivate International, Inc."
45.49716534003792,-73.55933010578154,16,William / Robert-Bourassa,"Montréal, QC","Motivate International, Inc."
45.51366626207095,-73.53842496871948,16,Quai de la navette fluviale,"Montréal, QC","Motivate International, Inc."
45.49537171535007,-73.56858909130096,12,St-Antoine / de la Montagne,"Montréal, QC","Motivate International, Inc."
45.43854405099729,-73.62021625041962,4,Lapierre / Serge,"Montréal, QC","Motivate International, Inc."
45.432839840726125,-73.69349151849747,20,Parc St-Louis (St-Joseph / 34e avenue),"Montréal, QC","Motivate International, Inc."
45.43579350588776,-73.6801904439926,4,Victoria / 18e avenue Lachine,"Montréal, QC","Motivate International, Inc."
45.4157471675921,-73.63751649856567,7,LaSalle / 80e avenue,"Montréal, QC","Motivate International, Inc."
45.41631023854958,-73.61291594803333,4,LaSalle / 37e avenue,"Montréal, QC","Motivate International, Inc."
45.45608545783109,-73.58193710446358,4,Métro Jolicoeur (de Sève / Drake),"Montréal, QC","Motivate International, Inc."
45.60962627826218,-73.52273898082785,6,Duchesneau / de Marseille,"Montréal, QC","Motivate International, Inc."
45.520019102391636,-73.61890733242035,3,CCI Outremont (Dollard / Durcharme),"Montréal, QC","Motivate International, Inc."
45.55988367688166,-73.63356828689575,9,Papineau / Émile-Journault,"Montréal, QC","Motivate International, Inc."
45.44693448484644,-73.57219934463501,4,LaSalle / Godin,"Montréal, QC","Motivate International, Inc."
45.5904902,-73.5902694,3,Parc Delorme (Malouin / Laferté),"Montréal, QC","Motivate International, Inc."
45.57940569041942,-73.60258877277374,4,Parc Luigi-Pirandello (de Bretagne / Jean-Rivard),"Montréal, QC","Motivate International, Inc."
45.5200557245067,-73.67795147001743,10,Parc Beaulac (rue Élizabeth),"Montréal, QC","Motivate International, Inc."
45.52591381815231,-73.68911147117615,6,Parc St-Laurent (Dutrisac),"Montréal, QC","Motivate International, Inc."
45.5616903,-73.610512,2,CHSLD St-Michel (8e avenue / Jarry),"Montréal, QC","Motivate International, Inc."
45.485047979822774,-73.5719633102417,2,Georges-Vanier / Notre-Dame,"Montréal, QC","Motivate International, Inc."
45.44527192876118,-73.62448364496231,10,Travaux publics LaSalle (Cordner / Léger),"Montréal, QC","Motivate International, Inc."
45.501863463435576,-73.5439610481262,2,Parc de Dieppe,"Montréal, QC","Motivate International, Inc."
45.425059666150744,-73.64959917962551,2,Terminus Newman (Airlie / Lafleur),"Montréal, QC","Motivate International, Inc."
45.43745998781385,-73.69353175163269,3,Parc Ivan-Franko (33e avenue / Victoria),"Montréal, QC","Motivate International, Inc."
45.42612352042827,-73.65741580724716,20,Parc Highlands (Highlands / LaSalle),"Montréal, QC","Motivate International, Inc."
45.44404309237571,-73.61375212669373,3,Newman / Senkus,"Montréal, QC","Motivate International, Inc."
45.507837541505836,-73.56313616037369,12,St-Urbain / René-Lévesque,"Montréal, QC","Motivate International, Inc."
45.50538591756765,-73.5704317688942,11,de Maisonneuve / Aylmer (est),"Montréal, QC","Motivate International, Inc."
45.49276061084002,-73.55641052126883,15,Smith / Peel,"Montréal, QC","Motivate International, Inc."
45.49750375338383,-73.55284452438353,19,de la Commune / King,"Montréal, QC","Motivate International, Inc."
45.50761009451047,-73.55183601379395,5,de la Commune / Place Jacques-Cartier,"Montréal, QC","Motivate International, Inc."
45.50424245563397,-73.553469479084,1,de la Commune / St-Sulpice,"Montréal, QC","Motivate International, Inc."
45.53830765459552,-73.6548838019371,10,Chabanel / du Parc,"Montréal, QC","Motivate International, Inc."
45.48972725318433,-73.56406286358833,11,Ottawa / William,"Montréal, QC","Motivate International, Inc."
45.51086,-73.54983,20,de la Commune / Berri,"Montréal, QC","Motivate International, Inc."
45.45998577640931,-73.54395568370819,12,Berlioz / de l'Île des Soeurs,"Montréal, QC","Motivate International, Inc."
45.46693565237702,-73.63153114914894,16,Parc Benny (Benny / de Monkland),"Montréal, QC","Motivate International, Inc."
45.502386079583346,-73.57333794236183,0,de Maisonneuve / Mansfield (nord),"Montréal, QC","Motivate International, Inc."
45.43605512104547,-73.60577523708344,1,Cégep André-Laurendeau (Lapierre),"Montréal, QC","Motivate International, Inc."
45.55675103297278,-73.66716161370277,15,Métro Henri-Bourassa (Henri-Bourassa / Millen),"Montréal, QC","Motivate International, Inc."
45.44338026469991,-73.71789157390594,2,Dixie / 54e avenue,"Montréal, QC","Motivate International, Inc."
45.41774583815495,-73.64518761634827,11,LaSalle / 90e avenue,"Montréal, QC","Motivate International, Inc."
45.5604898518365,-73.7091851234436,2,Métro de la Concorde (Léo-Lacombe),"Montréal, QC","Motivate International, Inc."
45.527831544563064,-73.5719096660614,22,Calixa-Lavallée / Rachel,"Montréal, QC","Motivate International, Inc."
45.59833498124187,-73.54596734046936,1,Parc du Mail (Bois de Coulonges / du Mail),"Montréal, QC","Motivate International, Inc."
45.53519006163501,-73.61548215150833,11,Marché Jean-Talon (Casgrain / Shamrock),"Montréal, QC","Motivate International, Inc."
45.497722829899764,-73.61925333738327,9,HEC (Decelles / Jean-Brillant),"Montréal, QC","Motivate International, Inc."
45.53330725719417,-73.62082242965698,11,Fabrik8 (Waverly / Jean-Talon),"Montréal, QC","Motivate International, Inc."
45.5839877335556,-73.60809333622456,4,Parc Courbertin (Valéry / Perrier),"Montréal, QC","Motivate International, Inc."
45.57237805962001,-73.59370462596415,14,Parc Hébert (Colbert / Provencher),"Montréal, QC","Motivate International, Inc."
45.586476480180046,-73.570396900177,11,Parc Garibaldi (Liénart / Bélanger),"Montréal, QC","Motivate International, Inc."
45.60835820969716,-73.63850623369217,9,Parc Aimé-Léonard (Gouin / Ste-Gertrude),"Montréal, QC","Motivate International, Inc."
45.59953472156509,-73.62360253930092,4,Parc Charleroi (Alfred / Louis-Francoeur),"Montréal, QC","Motivate International, Inc."
45.5877138098252,-73.63171823322773,10,Parc Maurice-Bélanger (Hébert / Denommée),"Montréal, QC","Motivate International, Inc."
45.583197821913785,-73.62978704273701,9,Gare St-Michel / Montréal-Nord (Pie-IX / 56e),"Montréal, QC","Motivate International, Inc."
45.51401222645779,-73.56598667800426,11,CÉGEP du Vieux-Montréal (Ontario / de l'Hôtel-de-Ville),"Montréal, QC","Motivate International, Inc."
45.51689731423111,-73.58910799026489,10,Parc Jeanne-Mance (du Mont-Royal / du Parc),"Montréal, QC","Motivate International, Inc."
45.472051276471305,-73.5827162861824,20,Léa-Roback / Sir-Georges-Etienne-Cartier,"Montréal, QC","Motivate International, Inc."
45.59253950875074,-73.64874824881554,8,Parc Eusèbe-Ménard (Gouin / St-Vital),"Montréal, QC","Motivate International, Inc."
45.51586835126322,-73.56008380651474,3,St-Hubert / de Maisonneuve (sud),"Montréal, QC","Motivate International, Inc."
45.55969734528566,-73.60145956277847,6,CHSLD Joseph-François-Perrault (St-Michel / Everett),"Montréal, QC","Motivate International, Inc."
45.50682415585665,-73.68184804916382,10,Mairie d'arrondissement St-Laurent (Beaudet / Marcel-Laurin),"Montréal, QC","Motivate International, Inc."
45.50265866521738,-73.52753520011902,2,Parc Plage,"Montréal, QC","Motivate International, Inc."
45.52374047147138,-73.67169924080372,6,Gare Montpellier (Muir / de la Côte-Vertu),"Montréal, QC","Motivate International, Inc."
45.52814371649508,-73.69254536926746,10,Gare du Ruisseau (Dutrisac / Henri-Bourassa),"Montréal, QC","Motivate International, Inc."
45.512843286755896,-73.67612421512604,0,Bibliothèque du Vieux-St-Laurent (de l'Église / Filiatrault),"Montréal, QC","Motivate International, Inc."
45.557568,-73.579191,5,CHSLD Robert Cliche (de Bellechasse / 16e avenue),"Montréal, QC","Motivate International, Inc."
45.58116,-73.6412434,12,Parc Ottawa (de Belleville / Fleury),"Montréal, QC","Motivate International, Inc."
45.55463653358596,-73.61255215771962,3,Parc Nicolas-Tillemont (des Érables / Villeray),"Montréal, QC","Motivate International, Inc."
45.563084167155345,-73.5481941328544,8,Métro Viau (Viau / Pierre-de-Coubertin),"Montréal, QC","Motivate International, Inc."
45.6391233,-73.5961118,5,Parc Armand-Bombardier (Perras / Armand-Bombardier),"Montréal, QC","Motivate International, Inc."
45.55774990838239,-73.58380123972893,2,Collège de Rosemont (Beaubien / 15e avenue),"Montréal, QC","Motivate International, Inc."
45.50277615861811,-73.57589408755302,1,McTavish / Sherbrooke,"Montréal, QC","Motivate International, Inc."
45.507096455662456,-73.56844156980515,19,de Bleury / de Maisonneuve,"Montréal, QC","Motivate International, Inc."
45.505173440423306,-73.5706517100334,1,de Maisonneuve / Aylmer (ouest),"Montréal, QC","Motivate International, Inc."
45.54365380040509,-73.55942063033581,5,Préfontaine / Marcel-Pépin,"Montréal, QC","Motivate International, Inc."
45.48952522221574,-73.5844581949641,6,Métro Atwater (Atwater / Ste-Catherine),"Montréal, QC","Motivate International, Inc."
45.566883091095185,-73.53943817317486,12,Hochelaga / de l'Assomption,"Montréal, QC","Motivate International, Inc."
45.5169025120042,-73.52724552154541,16,Bassin olympique (Chemin du Chenal le Moyne),"Montréal, QC","Motivate International, Inc."
45.5864002,-73.5952181,9,Parc Wilfrid-Bastien (Lacordaire / des Galets),"Montréal, QC","Motivate International, Inc."
45.54710313981358,-73.54892447590828,5,de Chambly / de Rouen,"Montréal, QC","Motivate International, Inc."
45.51601387670667,-73.56291957199574,7,BAnQ (Berri),"Montréal, QC","Motivate International, Inc."
45.63131269772338,-73.61631497740746,11,Parc Ernest-Rouleau (Gouin),"Montréal, QC","Motivate International, Inc."
45.49624140543275,-73.62983867526054,12,Hôpital Général Juif (de la Côte-Ste-Catherine / Légaré),"Montréal, QC","Motivate International, Inc."
45.50398168549117,-73.62283945083618,6,CHU Ste-Justine (de la Côte Ste-Catherine / Hudson),"Montréal, QC","Motivate International, Inc."
45.59275253568305,-73.51035632193089,15,Parc Honoré-Mercier (Notre-Dame / Liébert),"Montréal, QC","Motivate International, Inc."
45.52355020292929,-73.7138856947422,4,Keller / Cousineau,"Montréal, QC","Motivate International, Inc."
45.59566584124368,-73.5596626996994,4,Parc d'Antioche (Place d'Antioche / St-Zotique),"Montréal, QC","Motivate International, Inc."
45.447821314280105,-73.71091783046722,3,Gare Lachine (Sir George Simpson / 48e avenue),"Montréal, QC","Motivate International, Inc."
45.529668174024685,-73.60166944563389,2,de Gaspé / Marmier,"Montréal, QC","Motivate International, Inc."
45.51871924623225,-73.69875401258469,1,Grenet / Poirier,"Montréal, QC","Motivate International, Inc."
45.58661042838809,-73.52969169616699,13,IUSMM (Georges-Villeneuve),"Montréal, QC","Motivate International, Inc."
45.51431824920811,-73.70799824595451,5,Square Nelligan (des Appalaches / Alexis-Nihon),"Montréal, QC","Motivate International, Inc."
45.482742458862774,-73.63497912883759,5,Parc MacDonald (Clanranald / Isabella),"Montréal, QC","Motivate International, Inc."
45.55970526805903,-73.55155438184738,1,La Tour de Montréal (Pierre-de-Coubertin / Bennett),"Montréal, QC","Motivate International, Inc."
45.43993803436114,-73.68146234754022,10,St-Antoine / 19e avenue,"Montréal, QC","Motivate International, Inc."
45.53946063965585,-73.57605636119843,3,Messier / St-Joseph,"Montréal, QC","Motivate International, Inc."
45.528630548578505,-73.67731243371964,5,Parc Painter (Marcotte / Quenneville),"Montréal, QC","Motivate International, Inc."
45.5121682576952,-73.55481594800949,15,Square Viger (Berri / Viger),"Montréal, QC","Motivate International, Inc."
45.526991277453526,-73.55821162462234,11,Dorion / Ontario,"Montréal, QC","Motivate International, Inc."
45.5291345371163,-73.55923354625702,25,Larivière / de Lorimier,"Montréal, QC","Motivate International, Inc."
45.50531166520915,-73.56089115142822,1,Viger / Chenneville,"Montréal, QC","Motivate International, Inc."
45.52097057660443,-73.5499919950962,3,René-Lévesque / Papineau,"Montréal, QC","Motivate International, Inc."
45.52836601591233,-73.55117082595825,7,Logan / Fullum,"Montréal, QC","Motivate International, Inc."
45.491686521008035,-73.57676714658737,12,Joseph-Manseau / René-Lévesque,"Montréal, QC","Motivate International, Inc."
45.53061161207863,-73.54911457747221,15,Logan / d'Iberville,"Montréal, QC","Motivate International, Inc."
45.53456256501449,-73.55478646466509,21,du Havre / de Rouen,"Montréal, QC","Motivate International, Inc."
45.50206,-73.56295,1,Square Victoria (Viger / du Square-Victoria),"Montréal, QC","Motivate International, Inc."
45.50038,-73.57507,5,Métro Peel (de Maisonneuve / Stanley),"Montréal, QC","Motivate International, Inc."
45.50459069556304,-73.55918794870377,13,St-Antoine / St-François-Xavier,"Montréal, QC","Motivate International, Inc."
45.50631445605528,-73.55967122894072,4,Métro Place-d'Armes (Viger / St-Urbain),"Montréal, QC","Motivate International, Inc."
45.52809995527671,-73.58843871625139,1,Métro Laurier (Berri / Laurier),"Montréal, QC","Motivate International, Inc."
45.51613214980722,-73.56049686670303,3,St-Hubert / de Maisonneuve (nord),"Montréal, QC","Motivate International, Inc."
45.538859462962286,-73.5528177022934,21,de Rouen / Lespérance,"Montréal, QC","Motivate International, Inc."
45.52479,-73.56545,10,Calixa-Lavallée / Sherbrooke,"Montréal, QC","Motivate International, Inc."
45.522425652788634,-73.57418417930603,17,St-Hubert / Duluth,"Montréal, QC","Motivate International, Inc."
45.52141314643908,-73.58498811721802,3,de Bullion / du Mont-Royal,"Montréal, QC","Motivate International, Inc."
45.5333136054992,-73.58373686671257,7,de Lanaudière / Laurier,"Montréal, QC","Motivate International, Inc."
45.51922631024093,-73.57718793155072,11,Laval / Duluth,"Montréal, QC","Motivate International, Inc."
45.518967223320054,-73.5836161673069,12,Vallières / St-Laurent,"Montréal, QC","Motivate International, Inc."
45.515132275425785,-73.58105599880219,13,Duluth / de l'Esplanade,"Montréal, QC","Motivate International, Inc."
45.535295480380306,-73.55116009712219,10,Hogan / Ontario,"Montréal, QC","Motivate International, Inc."
45.52330366033427,-73.55799973011017,4,la Fontaine / Alexandre-de-Sève,"Montréal, QC","Motivate International, Inc."
45.50373771539475,-73.56948494911194,1,Ste-Catherine / Union,"Montréal, QC","Motivate International, Inc."
45.53413436610844,-73.57352435588837,3,Chabot / Mont-Royal,"Montréal, QC","Motivate International, Inc."
45.52966629503036,-73.56733649969101,17,Gauthier / Papineau,"Montréal, QC","Motivate International, Inc."
45.53711414,-73.5710031,5,Messier / du Mont-Royal,"Montréal, QC","Motivate International, Inc."
45.5223645775784,-73.58414590358734,9,Laval / du Mont-Royal,"Montréal, QC","Motivate International, Inc."
45.50928678961862,-73.57101917266846,2,Jeanne-Mance / Sherbrooke,"Montréal, QC","Motivate International, Inc."
45.52723106564012,-73.58672618865965,0,Métro Laurier (Berri / St-Joseph),"Montréal, QC","Motivate International, Inc."
45.527009334270645,-73.58576595783234,1,Pontiac / Gilford,"Montréal, QC","Motivate International, Inc."
45.53036486555959,-73.58439266681671,15,Christophe-Colomb / St-Joseph,"Montréal, QC","Motivate International, Inc."
45.53582823686429,-73.57869029045105,2,Cartier / St-Joseph,"Montréal, QC","Motivate International, Inc."
45.533705987798946,-73.55217933654784,14,Métro Frontenac (Ontario / du Havre),"Montréal, QC","Motivate International, Inc."
45.51258740220925,-73.57373893260956,19,Prince-Arthur / St-Urbain,"Montréal, QC","Motivate International, Inc."
45.51908,-73.5727,8,Roy / St-Denis,"Montréal, QC","Motivate International, Inc."
45.527041096087785,-73.59347056655677,3,Maguire / Henri-Julien,"Montréal, QC","Motivate International, Inc."
45.532513956311426,-73.58481109142303,9,Laurier / de Brébeuf,"Montréal, QC","Motivate International, Inc."
45.53727946481992,-73.5791677236557,6,Laurier / de Bordeaux,"Montréal, QC","Motivate International, Inc."
45.52795093787009,-73.59502326697111,3,Henri-Julien / du Carmel,"Montréal, QC","Motivate International, Inc."
45.5380207402854,-73.58352363109587,4,Cartier / Masson,"Montréal, QC","Motivate International, Inc."
45.53147464147482,-73.59242051839828,15,Parc Ludger-Duvernay (St-André / St-Hubert),"Montréal, QC","Motivate International, Inc."
45.527930077456865,-73.59183847904205,8,Boucher / St-Denis,"Montréal, QC","Motivate International, Inc."
45.522402573414084,-73.58117669820786,6,Drolet / Marie-Anne,"Montréal, QC","Motivate International, Inc."
45.52435318759273,-73.57596650719643,7,St-André / Rachel,"Montréal, QC","Motivate International, Inc."
45.514866433022796,-73.58475860237377,18,Parc Jeanne-Mance (monument à sir George-Étienne Cartier),"Montréal, QC","Motivate International, Inc."
45.521564270906616,-73.57036739587784,9,Roy / St-André,"Montréal, QC","Motivate International, Inc."
45.5330129192707,-73.58128666877745,6,Garnier / St-Joseph,"Montréal, QC","Motivate International, Inc."
45.521495731487576,-73.5968267172575,5,de l'Esplanade / Fairmount,"Montréal, QC","Motivate International, Inc."
45.523026476635074,-73.60184043645859,19,Jeanne-Mance / St-Viateur,"Montréal, QC","Motivate International, Inc."
45.52451761488783,-73.57197672128677,17,du Parc-La Fontaine / Duluth,"Montréal, QC","Motivate International, Inc."
45.530845821364125,-73.58157970011233,11,Gilford / de Brébeuf,"Montréal, QC","Motivate International, Inc."
45.52751292628879,-73.59879076480864,14,Casgrain / St-Viateur,"Montréal, QC","Motivate International, Inc."
45.52361490311454,-73.59245739877223,17,St-Dominique / Laurier,"Montréal, QC","Motivate International, Inc."
45.52404631813311,-73.59015061847458,22,de Bullion / St-Joseph,"Montréal, QC","Motivate International, Inc."
45.52557815939422,-73.59285570681095,1,de Gaspé / Fairmount,"Montréal, QC","Motivate International, Inc."
45.52286653749578,-73.56837719678879,6,du Parc-La Fontaine / Roy,"Montréal, QC","Motivate International, Inc."
45.52348082760688,-73.58732756238169,9,de l'Hôtel-de-Ville / Villeneuve,"Montréal, QC","Motivate International, Inc."
45.52866947969606,-73.58371809124947,19,de Mentana / Gilford,"Montréal, QC","Motivate International, Inc."
45.52574657625029,-73.59033644199371,0,Henri-Julien / Laurier,"Montréal, QC","Motivate International, Inc."
45.53543,-73.5822,11,Marquette / Laurier,"Montréal, QC","Motivate International, Inc."
45.525155180448635,-73.58563594055795,33,Gilford / St-Denis,"Montréal, QC","Motivate International, Inc."
45.50936142835129,-73.57386365532875,8,Milton / du Parc,"Montréal, QC","Motivate International, Inc."
45.5238561444472,-73.60012650489807,5,Waverly / St-Viateur,"Montréal, QC","Motivate International, Inc."
45.53611005443118,-73.5762870311737,5,de Bordeaux / Gilford,"Montréal, QC","Motivate International, Inc."
45.53898439552301,-73.5824453830719,8,de Bordeaux / Masson,"Montréal, QC","Motivate International, Inc."
45.5198946757576,-73.59682738780975,3,Labadie / du Parc,"Montréal, QC","Motivate International, Inc."
45.53650541861215,-73.56803923845291,5,Fullum / Marie-Anne,"Montréal, QC","Motivate International, Inc."
45.53640396516409,-73.57141345739365,8,Parthenais / du Mont-Royal,"Montréal, QC","Motivate International, Inc."
45.5251943015533,-73.59935637563467,9,Clark / St-Viateur,"Montréal, QC","Motivate International, Inc."
45.52062760607925,-73.57594907283782,2,Duluth  / St-Denis,"Montréal, QC","Motivate International, Inc."
45.5173538,-73.58212888,16,Clark / Rachel,"Montréal, QC","Motivate International, Inc."
45.52562819123256,-73.58177483081818,21,Resther / du Mont-Royal,"Montréal, QC","Motivate International, Inc."
45.526026565221414,-73.57785880565643,10,de Mentana / Marie-Anne,"Montréal, QC","Motivate International, Inc."
45.50975858607626,-73.57610732316971,12,Hutchison / Prince-Arthur,"Montréal, QC","Motivate International, Inc."
45.516906476407094,-73.57950568199158,27,Duluth / St-Laurent,"Montréal, QC","Motivate International, Inc."
45.51941,-73.58685,2,du Mont-Royal / Clark,"Montréal, QC","Motivate International, Inc."
45.52428310031213,-73.6049484461546,6,Bernard / Jeanne-Mance,"Montréal, QC","Motivate International, Inc."
45.52027633320609,-73.59497621666378,10,Jeanne-Mance / Laurier,"Montréal, QC","Motivate International, Inc."
45.508140959417744,-73.57492983341217,5,Milton / Durocher,"Montréal, QC","Motivate International, Inc."
45.513342512307055,-73.57301607728004,29,Clark / Prince-Arthur,"Montréal, QC","Motivate International, Inc."
45.51059,-73.57547,11,Prince-Arthur / du Parc,"Montréal, QC","Motivate International, Inc."
45.53840340979245,-73.56196403503418,6,Bercy / Rachel,"Montréal, QC","Motivate International, Inc."
45.51283174510449,-73.57688784599304,11,Ste-Famille / des Pins,"Montréal, QC","Motivate International, Inc."
45.51825290855221,-73.5883381962776,19,de l'Esplanade / du Mont-Royal,"Montréal, QC","Motivate International, Inc."
45.520188,-73.590559,14,Villeneuve / St-Urbain,"Montréal, QC","Motivate International, Inc."
45.53636263222538,-73.55421245098114,13,de Rouen / Hogan,"Montréal, QC","Motivate International, Inc."
45.527672646696104,-73.59738260507582,8,de Gaspé / St-Viateur,"Montréal, QC","Motivate International, Inc."
45.527363,-73.607723,2,Waverly / Van Horne,"Montréal, QC","Motivate International, Inc."
45.531836726498305,-73.55348825454712,10,Poupart / Ontario,"Montréal, QC","Motivate International, Inc."
45.51748721436461,-73.59788417816162,7,Querbes / Laurier,"Montréal, QC","Motivate International, Inc."
45.519266156911335,-73.5692971944809,9,Berri / Cherrier,"Montréal, QC","Motivate International, Inc."
45.508566869474386,-73.57769787311554,11,Aylmer / Prince-Arthur,"Montréal, QC","Motivate International, Inc."
45.51825588419192,-73.60320568084717,10,Bloomfied / Elmwood,"Montréal, QC","Motivate International, Inc."
45.5246829812827,-73.5788968205452,15,Marie-Anne / St-Hubert,"Montréal, QC","Motivate International, Inc."
45.52222528598142,-73.60668718814848,2,Durocher / Bernard,"Montréal, QC","Motivate International, Inc."
45.5321322155395,-73.55876013636589,20,Fullum / de Rouen,"Montréal, QC","Motivate International, Inc."
45.5367,-73.56081,8,Sherbrooke / Frontenac,"Montréal, QC","Motivate International, Inc."
45.516090801970655,-73.5701286792755,9,Square St-Louis (du Square St-Louis / Laval),"Montréal, QC","Motivate International, Inc."
45.52055948154798,-73.58582027256489,16,St-Dominique / du Mont-Royal,"Montréal, QC","Motivate International, Inc."
45.52051578783967,-73.567695915699,8,St-André / Cherrier,"Montréal, QC","Motivate International, Inc."
45.520545179997015,-73.60820215362764,7,Bloomfield / Bernard,"Montréal, QC","Motivate International, Inc."
45.53292625574653,-73.56377989053726,7,Gauthier / Parthenais,"Montréal, QC","Motivate International, Inc."
45.5358215436799,-73.58710169792175,12,Garnier / St-Grégoire,"Montréal, QC","Motivate International, Inc."
45.52932643090091,-73.57480645179749,16,de Lanaudière / Marie-Anne,"Montréal, QC","Motivate International, Inc."
45.53022106537559,-73.57699647545813,24,de Lanaudière / du Mont-Royal,"Montréal, QC","Motivate International, Inc."
45.527432126380575,-73.57991673052311,17,Boyer / du Mont-Royal,"Montréal, QC","Motivate International, Inc."
45.53867,-73.56936,2,Chapleau / du Mont-Royal,"Montréal, QC","Motivate International, Inc."
45.515604257816335,-73.57213497161865,18,Parc de Bullion (de Bullion / Prince-Arthur),"Montréal, QC","Motivate International, Inc."
45.52497706918177,-73.6106863617897,9,Hutchison / Van Horne,"Montréal, QC","Motivate International, Inc."
45.51915286772737,-73.61646920442581,5,Dollard / Van Horne,"Montréal, QC","Motivate International, Inc."
45.502053864057466,-73.57346534729004,3,de Maisonneuve / Mansfield (sud),"Montréal, QC","Motivate International, Inc."
45.52974,-73.59527,7,Hélène-Baillargeon / St-Denis,"Montréal, QC","Motivate International, Inc."
45.52793332015246,-73.60122251338906,15,St-Dominique / Bernard,"Montréal, QC","Motivate International, Inc."
45.52895039362793,-73.587866127491,0,St-Hubert / Laurier,"Montréal, QC","Motivate International, Inc."
45.51069,-73.57805,16,Hutchison / des Pins,"Montréal, QC","Motivate International, Inc."
45.507076248365834,-73.57228517532349,10,Durocher / Sherbrooke,"Montréal, QC","Motivate International, Inc."
45.514524730294404,-73.56835573911665,19,de l'Hôtel-de-Ville / Sherbrooke,"Montréal, QC","Motivate International, Inc."
45.54124722370603,-73.59104454517365,9,Cartier / Rosemont,"Montréal, QC","Motivate International, Inc."
45.52022241072457,-73.62985610961914,4,Graham / Brookfield,"Montréal, QC","Motivate International, Inc."
45.54433850465683,-73.58794391155243,15,Louis-Hémon / Rosemont,"Montréal, QC","Motivate International, Inc."
45.52588991809354,-73.65003436803818,4,Brittany / Ainsley,"Montréal, QC","Motivate International, Inc."
45.514918954061876,-73.61968517303467,3,Parc Pratt (Dunlop / Van Horne),"Montréal, QC","Motivate International, Inc."
45.53341043363302,-73.60112428665161,5,de Bellechasse / de St-Vallier,"Montréal, QC","Motivate International, Inc."
45.53226461018495,-73.6110632121563,11,St-Dominique / St-Zotique,"Montréal, QC","Motivate International, Inc."
45.546661109634606,-73.58868420124054,6,Louis-Hébert / de Bellechasse,"Montréal, QC","Motivate International, Inc."
45.546539011777845,-73.59866470098495,9,de Bordeaux / St-Zotique,"Montréal, QC","Motivate International, Inc."
45.522544455627866,-73.59346926212311,10,Clark / Laurier,"Montréal, QC","Motivate International, Inc."
45.515617,-73.614991,2,Parc Joyce (Rockland / Lajoie),"Montréal, QC","Motivate International, Inc."
45.54912085535069,-73.60087350010872,7,des Érables / Bélanger,"Montréal, QC","Motivate International, Inc."
45.55001,-73.59576,4,Louis-Hébert / St-Zotique,"Montréal, QC","Motivate International, Inc."
45.5451997,-73.57645065,26,Parc du Pélican (1ère avenue / Masson),"Montréal, QC","Motivate International, Inc."
45.531957916826386,-73.60700100660324,1,de Gaspé / Beaubien,"Montréal, QC","Motivate International, Inc."
45.537087833013324,-73.59321847558022,15,Parc Père-Marquette (Chambord / Rosemont),"Montréal, QC","Motivate International, Inc."
45.52952466565309,-73.60488876700401,7,St-Dominique / de Bellechasse,"Montréal, QC","Motivate International, Inc."
45.51829,-73.59235,12,Villeneuve / du Parc,"Montréal, QC","Motivate International, Inc."
45.54779995287998,-73.58486741781235,10,1ère avenue / Rosemont,"Montréal, QC","Motivate International, Inc."
45.551937362101,-73.59392791986465,13,1ère  avenue / St-Zotique,"Montréal, QC","Motivate International, Inc."
45.53409866804061,-73.59553456306458,17,Boyer / Rosemont,"Montréal, QC","Motivate International, Inc."
45.546779039476185,-73.60281676054001,3,Cartier / Bélanger,"Montréal, QC","Motivate International, Inc."
45.51733075399989,-73.57449866831303,17,de l'Hôtel-de-Ville / Roy,"Montréal, QC","Motivate International, Inc."
45.539900246044354,-73.59936207532883,1,Chambord / Beaubien,"Montréal, QC","Motivate International, Inc."
45.52927839879717,-73.57792854309082,11,de Brébeuf / du Mont-Royal,"Montréal, QC","Motivate International, Inc."
45.533348,-73.605834,4,Drolet / Beaubien,"Montréal, QC","Motivate International, Inc."
45.54990048023633,-73.58308374881744,2,5e avenue / Rosemont,"Montréal, QC","Motivate International, Inc."
45.544375546398065,-73.59564453363419,7,Chabot / Beaubien,"Montréal, QC","Motivate International, Inc."
45.5315079142152,-73.60308364033699,6,Henri-Julien / de Bellechasse,"Montréal, QC","Motivate International, Inc."
45.563709940264175,-73.57139468193054,5,27e avenue / Rosemont,"Montréal, QC","Motivate International, Inc."
45.53488214147823,-73.60941231250763,10,Drolet / St-Zotique,"Montréal, QC","Motivate International, Inc."
45.54391953154915,-73.58424894533528,8,Fullum / Holt,"Montréal, QC","Motivate International, Inc."
45.54800352985515,-73.58138993382454,7,3e avenue / Holt,"Montréal, QC","Motivate International, Inc."
45.536434338630336,-73.60783427975548,14,de St-Vallier / St-Zotique,"Montréal, QC","Motivate International, Inc."
45.53923559055867,-73.58594566583633,5,Cartier / Dandurand,"Montréal, QC","Motivate International, Inc."
45.51693654712809,-73.64048302173615,10,Graham / Wicksteed,"Montréal, QC","Motivate International, Inc."
45.5315236502754,-73.61701235175133,6,Mozart / Waverly,"Montréal, QC","Motivate International, Inc."
45.5425697477813,-73.59214425086974,3,Chabot / de Bellechasse,"Montréal, QC","Motivate International, Inc."
45.54365085053057,-73.60565051436424,9,de Lanaudière / Bélanger,"Montréal, QC","Motivate International, Inc."
45.53050525974957,-73.61470833420753,11,Waverly / St-Zotique,"Montréal, QC","Motivate International, Inc."
45.55389801568004,-73.5713866353035,9,15e avenue / Masson,"Montréal, QC","Motivate International, Inc."
45.543653916207866,-73.60126135876271,13,Fabre / St-Zotique,"Montréal, QC","Motivate International, Inc."
45.55293611277267,-73.56577143073082,12,16e avenue / St-Joseph,"Montréal, QC","Motivate International, Inc."
45.54006,-73.60897,4,Boyer / Bélanger,"Montréal, QC","Motivate International, Inc."
45.52954744851231,-73.61071854829788,8,St-Urbain / Beaubien,"Montréal, QC","Motivate International, Inc."
45.53176697148175,-73.5724139213562,1,Marie-Anne / Papineau,"Montréal, QC","Motivate International, Inc."
45.518128086513194,-73.56185138225555,4,St-André / Robin,"Montréal, QC","Motivate International, Inc."
45.527650097960205,-73.61229971051216,10,Jeanne-Mance / Beaubien,"Montréal, QC","Motivate International, Inc."
45.508204615051355,-73.56881439685822,4,Métro Place-des-Arts (du Président-Kennedy / Jeanne-Mance),"Montréal, QC","Motivate International, Inc."
45.52983801723605,-73.5703244805336,10,Marquette / Rachel,"Montréal, QC","Motivate International, Inc."
45.51958082831579,-73.5601159930229,6,Wolfe / Robin,"Montréal, QC","Motivate International, Inc."
45.55358456339093,-73.56052905321121,15,Bourbonnière / du Mont-Royal,"Montréal, QC","Motivate International, Inc."
45.514080696641386,-73.64694982767105,20,Graham / Kindersley,"Montréal, QC","Motivate International, Inc."
45.50229349416256,-73.5733064264059,5,de Maisonneuve / Mansfield SE,"Montréal, QC","Motivate International, Inc."
45.51577505385328,-73.60060930252075,3,McCulloch / de la Côte Ste-Catherine,"Montréal, QC","Motivate International, Inc."
45.56485589064712,-73.5774926841259,5,26e avenue / Beaubien,"Montréal, QC","Motivate International, Inc."
45.5150280816668,-73.55635821819305,9,St-Christophe / René-Lévesque,"Montréal, QC","Motivate International, Inc."
45.54991069359101,-73.55826258659361,3,de Chambly / Rachel,"Montréal, QC","Motivate International, Inc."
45.570081,-73.573047,5,35e avenue / Beaubien,"Montréal, QC","Motivate International, Inc."
45.50316529501043,-73.66222634911537,5,Plymouth / Duncan,"Montréal, QC","Motivate International, Inc."
45.529914321737415,-73.56302618980408,2,Bordeaux / Sherbrooke,"Montréal, QC","Motivate International, Inc."
45.55061693669672,-73.54901432991028,4,d'Orléans / Hochelaga,"Montréal, QC","Motivate International, Inc."
45.54959767887176,-73.54187428951263,13,Jeanne-d'Arc / Ontario,"Montréal, QC","Motivate International, Inc."
45.57178977666956,-73.56431499123573,11,41e avenue / Rosemont,"Montréal, QC","Motivate International, Inc."
45.526765,-73.730423,11,Parc de Beauséjour (Gouin / Henri-d'Arles),"Montréal, QC","Motivate International, Inc."
45.5568667309625,-73.589306473732,3,12e avenue / St-Zotique,"Montréal, QC","Motivate International, Inc."
45.56168275734862,-73.58564794063568,13,19e avenue / St-Zotique,"Montréal, QC","Motivate International, Inc."
45.57934937043077,-73.58168095350266,3,de Lisieux / Jean-Talon,"Montréal, QC","Motivate International, Inc."
45.53429782539273,-73.61217230558395,16,de Gaspé / Dante,"Montréal, QC","Motivate International, Inc."
45.514379,-73.610871,2,Davaar / de la Côte-Ste-Catherine,"Montréal, QC","Motivate International, Inc."
45.58830296569168,-73.57783721439773,6,de Côme / Jean-Talon,"Montréal, QC","Motivate International, Inc."
45.54502601340392,-73.73787671327591,3,Alton-Goldbloom / Notre-Dame,"Montréal, QC","Motivate International, Inc."
45.522745298216094,-73.61328139901161,3,Bloomfield / Van Horne,"Montréal, QC","Motivate International, Inc."
45.50764392965887,-73.56932401657104,11,Place des Festivals ( du Président-Kennedy / de Bleury),"Montréal, QC","Motivate International, Inc."
45.541669595766315,-73.60760450363159,3,de la Roche / Bélanger,"Montréal, QC","Motivate International, Inc."
45.52311432992147,-73.61815363168716,4,Campus MIL (Outremont / Thérèse-Lavoie Roux),"Montréal, QC","Motivate International, Inc."
45.565006717407506,-73.7319054454565,2,Le Corbusier / St-Martin O,"Montréal, QC","Motivate International, Inc."
45.49788352593901,-73.56856763362885,0,Place du Canada (Peel / des Canadiens-de-Montréal),"Montréal, QC","Motivate International, Inc."
45.51678269880724,-73.61142262816429,9,Dollard / Bernard,"Montréal, QC","Motivate International, Inc."
45.53718135927993,-73.59750330448149,14,de la Roche /  de Bellechasse,"Montréal, QC","Motivate International, Inc."
45.56933906192115,-73.70472729206085,3,11e avenue / du Souvenir,"Montréal, QC","Motivate International, Inc."
45.549713734001415,-73.56384828686714,4,Ernest-Gendreau / du Mont-Royal,"Montréal, QC","Motivate International, Inc."
45.49810026070624,-73.65294188261032,11,Paré / Mountain Sights,"Montréal, QC","Motivate International, Inc."
45.49487159597493,-73.57112377882004,3,Métro Lucien-L'Allier  (Lucien l'Allier / Argyle),"Montréal, QC","Motivate International, Inc."
45.559495502858624,-73.6989176273346,3,Robin / 15e rue,"Montréal, QC","Motivate International, Inc."
45.52303493310712,-73.56539458036421,19,Beaudry / Sherbrooke,"Montréal, QC","Motivate International, Inc."
45.550113551561694,-73.5772217810154,3,8e avenue / Dandurand,"Montréal, QC","Motivate International, Inc."
45.50363996257211,-73.6182689666748,0,Métro Université de Montréal (Édouard-Montpetit / Louis-Collin),"Montréal, QC","Motivate International, Inc."
45.56843961893042,-73.6752020941276,5,Parc Henri-Dunant (Léger / Henri-Dunant),"Montréal, QC","Motivate International, Inc."
45.53166363055749,-73.56536373496056,8,Gauthier / de Lorimier,"Montréal, QC","Motivate International, Inc."
45.50723,-73.615085,1,Édouard-Montpetit / de Stirling,"Montréal, QC","Motivate International, Inc."
45.58033485941123,-73.68471868336201,6,du Mans / des Alouettes,"Montréal, QC","Motivate International, Inc."
45.544306576612755,-73.54551016355799,26,Aylwin / Ontario,"Montréal, QC","Motivate International, Inc."
45.51666442219882,-73.57722043991089,21,St-Dominique / Napoléon,"Montréal, QC","Motivate International, Inc."
45.49996470926352,-73.55615437030792,3,Place d'Youville / McGill,"Montréal, QC","Motivate International, Inc."
45.64141535746634,-73.4999567270279,11,St-Jean-Baptiste / René-Lévesque,"Montréal, QC","Motivate International, Inc."
45.583287878804136,-73.63276362419128,0,Sabrevois / des Récollets,"Montréal, QC","Motivate International, Inc."
45.53163403743962,-73.56824576854706,1,Dorion / Rachel,"Montréal, QC","Motivate International, Inc."
45.57833184623925,-73.65595400333405,12,Parc nature de l'Île-de-la-Visitation (Gouin / de Bruchési),"Montréal, QC","Motivate International, Inc."
45.64954588445726,-73.49191546440125,11,du Tricentenaire / Prince-Albert,"Montréal, QC","Motivate International, Inc."
45.50629456823703,-73.57282698154448,19,Aylmer / Sherbrooke,"Montréal, QC","Motivate International, Inc."
45.5218942750191,-73.55725058932876,11,Plessis / Logan,"Montréal, QC","Motivate International, Inc."
45.477923,-73.559038,6,Fortune / Wellington,"Montréal, QC","Motivate International, Inc."
45.640002860465096,-73.49011301994324,15,Place du Village (St-Jean-Baptiste / Notre-Dame),"Montréal, QC","Motivate International, Inc."
45.53613488953656,-73.62258464097977,23,Gary-Carter / St-Laurent,"Montréal, QC","Motivate International, Inc."
45.53035130173597,-73.6243924498558,6,Métro Parc  (Hutchison / Ogilvy),"Montréal, QC","Motivate International, Inc."
45.5231943285584,-73.55584256350994,2,Logan / de Champlain,"Montréal, QC","Motivate International, Inc."
45.47993042065731,-73.55592101812363,13,Bourgeoys / Favard,"Montréal, QC","Motivate International, Inc."
45.48752158511353,-73.56500297784805,19,Richmond / des Bassins,"Montréal, QC","Motivate International, Inc."
45.60248649638568,-73.5432904958725,1,Parc Chenier (de l'Aréna / Chenier),"Montréal, QC","Motivate International, Inc."
45.52745655427204,-73.62411618232727,6,Bloomfield / Jean-Talon,"Montréal, QC","Motivate International, Inc."
45.51862424058306,-73.55219006538391,17,René-Lévesque / Panet,"Montréal, QC","Motivate International, Inc."
45.55873962047568,-73.60589044634253,8,6e avenue / Villeray,"Montréal, QC","Motivate International, Inc."
45.54355786336148,-73.56780052185059,12,du Mont-Royal / Augustin-Frigon,"Montréal, QC","Motivate International, Inc."
45.57627820285533,-73.58353972434998,0,Michelet / Jean-Talon,"Montréal, QC","Motivate International, Inc."
45.49047561880464,-73.56022328138351,18,des Bassins / du Séminaire,"Montréal, QC","Motivate International, Inc."
45.544580831168204,-73.5717111825943,9,Parc du Pélican (2e avenue / St-Joseph),"Montréal, QC","Motivate International, Inc."
45.527550507601894,-73.5762870311737,13,Marie-Anne / de la Roche,"Montréal, QC","Motivate International, Inc."
45.518593,-73.581566,11,St-Dominique / Rachel,"Montréal, QC","Motivate International, Inc."
45.54710817336986,-73.56936693191528,7,7e avenue / St-Joseph Rosemont,"Montréal, QC","Motivate International, Inc."
45.526499983000186,-73.54575277422555,3,Jean Langlois / Fullum,"Montréal, QC","Motivate International, Inc."
45.44826204820947,-73.57785612344742,3,Bibliothèque de Verdun (Brown / Bannantyne),"Montréal, QC","Motivate International, Inc."
45.43791516514076,-73.58253550531117,4,LaSalle / Crawford,"Montréal, QC","Motivate International, Inc."
45.57120355585774,-73.72351884841918,6,McNamara / St-Martin O,"Montréal, QC","Motivate International, Inc."
45.4443505862464,-73.57542979723802,13,Natatorium (LaSalle / Rolland),"Montréal, QC","Motivate International, Inc."
45.429166968311485,-73.66280972957611,5,Mairie d'arrondissement LaSalle (Dupras / Jeannette),"Montréal, QC","Motivate International, Inc."
45.570726609302966,-73.7370860205192,3,Parc Chopin (Dumouchel / Tessier),"Montréal, QC","Motivate International, Inc."
45.56251175219665,-73.74370649456978,1,Pierre-Péladeau / du Centropolis,"Montréal, QC","Motivate International, Inc."
45.557421482389636,-73.7480603903532,3,Jeanne-Mance / St-Martin O,"Montréal, QC","Motivate International, Inc."
45.45301583620112,-73.57191503047943,2,Argyle / de Verdun,"Montréal, QC","Motivate International, Inc."
45.485328993998365,-73.57692271471024,6,St-Jacques / Vinet,"Montréal, QC","Motivate International, Inc."
45.477605,-73.573775,9,St-Charles / Thomas-Keefer,"Montréal, QC","Motivate International, Inc."
45.56157,-73.75448,11,de Chenonceau / Chomedey,"Montréal, QC","Motivate International, Inc."
45.431518914135125,-73.67110446095467,22,St-Joseph / 8e avenue Lachine,"Montréal, QC","Motivate International, Inc."
45.486346321757786,-73.57352435588837,10,Lionel-Groulx / George-Vanier,"Montréal, QC","Motivate International, Inc."
45.43498715540587,-73.67079868912697,10,8e avenue / Notre-Dame Lachine,"Montréal, QC","Motivate International, Inc."
45.450729976972944,-73.5725748538971,10,Beatty / de Verdun,"Montréal, QC","Motivate International, Inc."
45.4820980397155,-73.57487618923187,18,Duvernay / Charlevoix,"Montréal, QC","Motivate International, Inc."
45.553017541248565,-73.75822663307189,3,Mayfield / St-Martin O,"Montréal, QC","Motivate International, Inc."
45.42971096449354,-73.633883446455,7,Gloria / Dollard,"Montréal, QC","Motivate International, Inc."
45.4824297233159,-73.58367975812143,13,Bel Air / St-Antoine,"Montréal, QC","Motivate International, Inc."
45.4568844514464,-73.57260704040527,4,4e avenue / de Verdun,"Montréal, QC","Motivate International, Inc."
45.44053238705948,-73.70242863893507,6,41e avenue / Victoria,"Montréal, QC","Motivate International, Inc."
45.4632535358533,-73.57587933540344,9,de l'Église / Bannantyne,"Montréal, QC","Motivate International, Inc."
45.46107768438817,-73.56747972971789,7,Gordon / Wellington,"Montréal, QC","Motivate International, Inc."
45.467369,-73.570769,16,Regina / de Verdun,"Montréal, QC","Motivate International, Inc."
45.478888528072076,-73.58198940753937,10,Turgeon / Notre-Dame,"Montréal, QC","Motivate International, Inc."
45.47729315148685,-73.58732163906097,19,Métro Place St-Henri (St-Ferdinand / St-Jacques),"Montréal, QC","Motivate International, Inc."
45.47259900304475,-73.5398056358099,8,Jacques-Le Ber / de la Pointe Nord,"Montréal, QC","Motivate International, Inc."
45.46976641104386,-73.58925875287241,13,St-Rémi / Ste Émilie,"Montréal, QC","Motivate International, Inc."
45.47069642604657,-73.56542240828276,9,Métro Lasalle (de Rushbrooke / Caisse),"Montréal, QC","Motivate International, Inc."
45.462846046287325,-73.56592163443565,9,Métro de l'Église (Ross / de l'Église),"Montréal, QC","Motivate International, Inc."
45.459487694540734,-73.57209205627441,8,Métro Verdun (Willibrord / de Verdun),"Montréal, QC","Motivate International, Inc."
45.46488019614746,-73.56696957353051,17,Hickson / Wellington,"Montréal, QC","Motivate International, Inc."
45.48026417718717,-73.58099363744259,17,Rose-de-Lima / Workman,"Montréal, QC","Motivate International, Inc."
45.51999897796297,-73.5548883676529,24,Panet / Ste-Catherine,"Montréal, QC","Motivate International, Inc."
45.60191332161639,-73.52441847324371,11,Ste-Claire / Pierre-Tétreault,"Montréal, QC","Motivate International, Inc."
45.5914549914687,-73.56275528669356,12,Parc Félix-Leclerc (François-Boivin / St-Zotique),"Montréal, QC","Motivate International, Inc."
45.55118417872238,-73.54087114334106,21,Desjardins / Ontario,"Montréal, QC","Motivate International, Inc."
45.52111152278944,-73.56231406331062,16,Montcalm / Ontario,"Montréal, QC","Motivate International, Inc."
45.48295816149219,-73.57975836854166,12,Métro Lionel-Groulx (St-Jacques / Atwater),"Montréal, QC","Motivate International, Inc."
45.456365,-73.57614,10,5e avenue / Bannantyne,"Montréal, QC","Motivate International, Inc."
45.55078357889704,-73.53409996037954,18,Letourneux / Ste-Catherine,"Montréal, QC","Motivate International, Inc."
45.611230741550536,-73.5312415660519,11,de Grosbois / Duchesneau,"Montréal, QC","Motivate International, Inc."
45.54690718297082,-73.5515570640564,5,Métro Joliette  (Joliette / Hochelaga),"Montréal, QC","Motivate International, Inc."
45.541374968866094,-73.5542231798172,18,Métro Préfontaine (Moreau / Hochelaga),"Montréal, QC","Motivate International, Inc."
45.49544692088696,-73.56329441070557,22,Peel / Notre-Dame,"Montréal, QC","Motivate International, Inc."
45.55465888075087,-73.54660302400589,8,Letourneux / Hochelaga,"Montréal, QC","Motivate International, Inc."
45.55626186680846,-73.53744059801102,11,Ontario / Sicard,"Montréal, QC","Motivate International, Inc."
45.453318765468914,-73.5767751932144,8,Argyle / Bannantyne,"Montréal, QC","Motivate International, Inc."
45.5594818,-73.535496,12,Ontario / Viau,"Montréal, QC","Motivate International, Inc."
45.60444089974122,-73.51611837744713,13,Souligny / Desmarteau,"Montréal, QC","Motivate International, Inc."
45.54814504700217,-73.5471260547638,21,Parc Lalancette (de Rouen / Valois),"Montréal, QC","Motivate International, Inc."
45.554373399819674,-73.55137467384337,9,Métro Pie-IX (Pierre-de-Coubertin / Desjardins),"Montréal, QC","Motivate International, Inc."
45.519131967116216,-73.55788965214742,16,Montcalm / de Maisonneuve,"Montréal, QC","Motivate International, Inc."
45.51888453178292,-73.55593845248222,22,Métro Beaudry (Beaudry / Ste-Catherine),"Montréal, QC","Motivate International, Inc."
45.59926552299961,-73.51226069033146,2,des Ormeaux / Notre-Dame,"Montréal, QC","Motivate International, Inc."
45.539385081961676,-73.54099988937377,14,Ste-Catherine / Dezery,"Montréal, QC","Motivate International, Inc."
45.569789,-73.548081,8,Métro Assomption (Chauveau / de l'Assomption),"Montréal, QC","Motivate International, Inc."
45.54303187243879,-73.56256484985352,7,André-Laurendeau / Rachel,"Montréal, QC","Motivate International, Inc."
45.57683333463968,-73.54647415224463,0,Métro Cadillac (Cadillac / Sherbrooke),"Montréal, QC","Motivate International, Inc."
45.52551168509886,-73.57424452900887,6,du Parc-Lafontaine / Rachel,"Montréal, QC","Motivate International, Inc."
45.55892530967948,-73.5480573177665,2,Aird / Pierre-de-Coubertin,"Montréal, QC","Motivate International, Inc."
45.543652466151,-73.5534825682771,8,St-Germain / Hochelaga,"Montréal, QC","Motivate International, Inc."
45.58284663189181,-73.54247644543648,0,Métro Langelier (Langelier / Sherbrooke),"Montréal, QC","Motivate International, Inc."
45.580314546424674,-73.5353136062622,18,Pierre-de-Coubertin / Langelier,"Montréal, QC","Motivate International, Inc."
45.52063377251984,-73.56390595436096,28,Atateken / du Square Amherst,"Montréal, QC","Motivate International, Inc."
45.53259744983328,-73.59011113643646,2,St-Grégoire / Christophe-Colomb,"Montréal, QC","Motivate International, Inc."
45.54099971663243,-73.55826258659361,8,de Léry / Sherbrooke,"Montréal, QC","Motivate International, Inc."
45.575812361972055,-73.54123055934906,9,Du Quesne / de Marseille,"Montréal, QC","Motivate International, Inc."
45.51889,-73.56353,9,St-André / Ontario,"Montréal, QC","Motivate International, Inc."
45.54522973039872,-73.53725016117096,21,Valois / Ste-Catherine,"Montréal, QC","Motivate International, Inc."
45.52123044585842,-73.55386108160019,18,Alexandre-DeSève / Ste-Catherine,"Montréal, QC","Motivate International, Inc."
45.55151193681962,-73.58207792043686,2,Bibliothèque et Complexe aquatique Rosemont (8e avenue / Rosemont),"Montréal, QC","Motivate International, Inc."
45.54969542033443,-73.55464696884155,3,Nicolet / Sherbrooke,"Montréal, QC","Motivate International, Inc."
45.52435882510794,-73.56053441762924,16,Alexandre-DeSève  / Ontario,"Montréal, QC","Motivate International, Inc."
45.54095791741757,-73.54702949523926,16,Dézéry / Ontario,"Montréal, QC","Motivate International, Inc."
45.55671730558936,-73.53024959564209,12,Ste-Catherine / St-Clément,"Montréal, QC","Motivate International, Inc."
45.46300108733155,-73.57156895217486,9,de l'Église / de Verdun,"Montréal, QC","Motivate International, Inc."
45.50644464920572,-73.55648696422577,8,St-Jacques / St-Laurent,"Montréal, QC","Motivate International, Inc."
45.59587457490178,-73.52352797985077,6,Liébert / Hochelaga,"Montréal, QC","Motivate International, Inc."
45.50965520472071,-73.55400860309601,6,du Champ-de-Mars / Gosford,"Montréal, QC","Motivate International, Inc."
45.50144108135568,-73.56014415621758,16,St-Jacques / McGill,"Montréal, QC","Motivate International, Inc."
45.53148889001714,-73.58106136322021,5,Chambord / Gilford,"Montréal, QC","Motivate International, Inc."
45.512640029999396,-73.57060074806213,25,Milton / Clark,"Montréal, QC","Motivate International, Inc."
45.51989655507833,-73.58010649681091,9,de l'Hotel-de-Ville / Rachel,"Montréal, QC","Motivate International, Inc."
45.422451407155854,-73.601194024086,6,Gagne / LaSalle,"Montréal, QC","Motivate International, Inc."
45.50002580878596,-73.5601931065321,6,Notre-Dame / Gauvin,"Montréal, QC","Motivate International, Inc."
45.5967964774917,-73.53517949581145,0,Métro Honoré-Beaugrand (Sherbrooke / Honoré-Beaugrand),"Montréal, QC","Motivate International, Inc."
45.500015468871446,-73.57938900589943,2,de la Montagne / Sherbrooke,"Montréal, QC","Motivate International, Inc."
45.5008764952487,-73.55900555849075,2,des Récollets / McGill,"Montréal, QC","Motivate International, Inc."
45.58917500418707,-73.53965610265732,11,Métro Radisson (Sherbrooke / des Groseilliers),"Montréal, QC","Motivate International, Inc."
45.50625103256782,-73.57139065861702,9,City Councillors / du President-Kennedy,"Montréal, QC","Motivate International, Inc."
45.49891911390352,-73.55725407600403,2,William / St-Henri,"Montréal, QC","Motivate International, Inc."
45.533078445261296,-73.57266068458557,3,Cartier / Marie-Anne,"Montréal, QC","Motivate International, Inc."
45.53696,-73.61199,3,Bélanger / St-Denis,"Montréal, QC","Motivate International, Inc."
45.50083231626815,-73.57245951890945,0,Metcalfe / St-Catherine,"Montréal, QC","Motivate International, Inc."
45.51473288454674,-73.55961576104164,26,Ste-Catherine / Labelle,"Montréal, QC","Motivate International, Inc."
45.49760527699099,-73.55534970760345,2,Queen / Wellington,"Montréal, QC","Motivate International, Inc."
45.45791007701367,-73.56774741414483,6,2e avenue / Wellington,"Montréal, QC","Motivate International, Inc."
45.50022226680107,-73.57110500335693,0,Metcalfe / du Square-Dorchester,"Montréal, QC","Motivate International, Inc."
45.53678525128436,-73.6148879583925,1,Marché Jean-Talon (Henri-Julien / Jean-Talon),"Montréal, QC","Motivate International, Inc."
45.498846367453694,-73.55462982326571,3,des Soeurs-Grises / Marguerite d'Youville,"Montréal, QC","Motivate International, Inc."
45.51440491203477,-73.56181114912033,11,Saint-Denis/de Maisonneuve,"Montréal, QC","Motivate International, Inc."
45.501966859101564,-73.55515256524086,18,St-Nicolas / Place d'Youville,"Montréal, QC","Motivate International, Inc."
45.54968589617967,-73.59115451574326,2,Molson / Beaubien,"Montréal, QC","Motivate International, Inc."
45.557192,-73.569847,11,d'Orléans / Masson,"Montréal, QC","Motivate International, Inc."
45.504027213143104,-73.56970220804214,3,Union / Ste-Catherine,"Montréal, QC","Motivate International, Inc."
45.50060578095098,-73.56544822454453,13,de la Gauchetière / Robert-Bourassa,"Montréal, QC","Motivate International, Inc."
45.5481863712796,-73.592010140419,2,Louis-Hébert / Beaubien,"Montréal, QC","Motivate International, Inc."
45.505102242483595,-73.57187882065773,3,du President-Kennedy / Union,"Montréal, QC","Motivate International, Inc."
45.57889719514108,-73.70492711663245,6,de Grenoble / de Cassis,"Montréal, QC","Motivate International, Inc."
45.54545514686953,-73.55673909187317,10,Darling / Sherbrooke,"Montréal, QC","Motivate International, Inc."
45.54752382909683,-73.57513636350632,15,5e avenue / Masson,"Montréal, QC","Motivate International, Inc."
45.55037651450808,-73.57373356819151,13,10e avenue / Masson,"Montréal, QC","Motivate International, Inc."
45.53328465200231,-73.61546069383621,8,Mozart / St-Laurent,"Montréal, QC","Motivate International, Inc."
45.50527354034462,-73.5674786567688,4,St-Alexandre / Ste-Catherine,"Montréal, QC","Motivate International, Inc."
45.49831217703312,-73.56725603342056,8,Métro Bonaventure (de la Gauchetière / de la Cathédrale),"Montréal, QC","Motivate International, Inc."
45.46670033299904,-73.62355081379064,12,Grand Boulevard / Sherbrooke,"Montréal, QC","Motivate International, Inc."
45.61451982045293,-73.6118745803833,7,Langelier / Marie-Victorin,"Montréal, QC","Motivate International, Inc."
45.4648769981855,-73.62659722566605,10,Benny / Sherbrooke,"Montréal, QC","Motivate International, Inc."
45.46072936353252,-73.63407254219055,0,Park Row O / Sherbrooke,"Montréal, QC","Motivate International, Inc."
45.493514106710734,-73.56848180294037,6,Lucien L'Allier / St-Jacques,"Montréal, QC","Motivate International, Inc."
45.50434678685089,-73.56894850730896,4,Aylmer / Ste-Catherine,"Montréal, QC","Motivate International, Inc."
45.470535000953966,-73.63165721297264,21,Grand Boulevard / de Terrebonne,"Montréal, QC","Motivate International, Inc."
45.49404432109336,-73.65449488162994,2,des Jockeys / Décarie,"Montréal, QC","Motivate International, Inc."
45.49048314001669,-73.62913727760315,1,Lacombe / Victoria,"Montréal, QC","Motivate International, Inc."
45.46887995929811,-73.60943913459778,8,Parc Georges St-Pierre (Oxford / Upper Lachine),"Montréal, QC","Motivate International, Inc."
45.491513,-73.633649,16,Métro Côte-Ste-Catherine (Beaucourt / de la Côte-Ste-Catherine),"Montréal, QC","Motivate International, Inc."
45.471743,-73.613924,16,Marcil / Sherbrooke,"Montréal, QC","Motivate International, Inc."
45.537041,-73.602026,0,Boyer / Beaubien,"Montréal, QC","Motivate International, Inc."
45.47629426230192,-73.60617488622665,2,Grey / Sherbrooke,"Montréal, QC","Motivate International, Inc."
45.53848,-73.60556,6,Boyer / St-Zotique,"Montréal, QC","Motivate International, Inc."
45.483788863965174,-73.5750612616539,19,Workman / Vinet,"Montréal, QC","Motivate International, Inc."
45.53318929909303,-73.64188581705093,4,Parc Howard (de l'Épée / de Liège),"Montréal, QC","Motivate International, Inc."
45.51014162409143,-73.6247518658638,2,Wilderton  / Van Horne,"Montréal, QC","Motivate International, Inc."
45.47710675189806,-73.6214379966259,14,de Monkland / Girouard,"Montréal, QC","Motivate International, Inc."
45.4789683985657,-73.61959934234618,8,Métro Villa-Maria (de Monkland / Décarie),"Montréal, QC","Motivate International, Inc."
45.468926984877434,-73.6198702454567,11,de la Côte St-Antoine / Royal,"Montréal, QC","Motivate International, Inc."
45.47393028235147,-73.60473453998564,4,Métro Vendôme (de Marlowe / de Maisonneuve),"Montréal, QC","Motivate International, Inc."
45.53879934493943,-73.58870029449461,11,Marquette / des Carrières,"Montréal, QC","Motivate International, Inc."
45.52687028194893,-73.62672328948975,18,d'Outremont / Ogilvy,"Montréal, QC","Motivate International, Inc."
45.45976107571447,-73.64477455615997,11,Parc Loyola (Somerled / Doherty),"Montréal, QC","Motivate International, Inc."
45.539890852781404,-73.62026989459991,14,Faillon / St-Denis,"Montréal, QC","Motivate International, Inc."
45.50144933057703,-73.63305062055588,15,de Kent / de la Côte-des-Neiges,"Montréal, QC","Motivate International, Inc."
45.52357479400008,-73.62344294786453,6,Métro Acadie (de l'Acadie / Beaumont),"Montréal, QC","Motivate International, Inc."
45.59089190991344,-73.64061713218689,10,des Récollets / Martial,"Montréal, QC","Motivate International, Inc."
45.481845071377414,-73.63037377595901,13,Earnscliffe / Queen-Mary,"Montréal, QC","Motivate International, Inc."
45.54721107501036,-73.63105237483978,7,Leman / de Chateaubriand,"Montréal, QC","Motivate International, Inc."
45.5762948651025,-73.646759390831,6,Parc des Hirondelles (Fleury / André-Jobin),"Montréal, QC","Motivate International, Inc."
45.46991202213883,-73.61735232174397,15,de Melrose / Sherbrooke,"Montréal, QC","Motivate International, Inc."
45.53570881624427,-73.61962348222733,10,Métro de Castelnau (de Castelnau / St-Laurent),"Montréal, QC","Motivate International, Inc."
45.48542414888848,-73.62816195935011,13,Métro Snowdon (de Westbury / Queen-Mary),"Montréal, QC","Motivate International, Inc."
45.59836857189897,-73.63610029220581,4,Parc Sauvé (Balzac / de Bayonne),"Montréal, QC","Motivate International, Inc."
45.570624722078364,-73.6517858505249,9,de St-Firmin / Fleury,"Montréal, QC","Motivate International, Inc."
45.552123,-73.630103,4,Jacques-Casault / Christophe-Colomb,"Montréal, QC","Motivate International, Inc."
45.56735205736566,-73.65378744900227,3,Marquette / Fleury,"Montréal, QC","Motivate International, Inc."
45.56481129244175,-73.59580412507057,14,Parc Joseph-Robin (18e avenue / Everett),"Montréal, QC","Motivate International, Inc."
45.54758153109644,-73.61220851540565,3,Everett / Garnier,"Montréal, QC","Motivate International, Inc."
45.557761514180044,-73.60154539346695,8,8e avenue / Everett,"Montréal, QC","Motivate International, Inc."
45.56387237463668,-73.6555677652359,2,Francis / Fleury,"Montréal, QC","Motivate International, Inc."
45.56076192837154,-73.6505614221096,7,Hamel / Sauvé,"Montréal, QC","Motivate International, Inc."
45.54355974189168,-73.62777203321457,5,Métro Jarry (Lajeunesse / Jarry),"Montréal, QC","Motivate International, Inc."
45.54310243053054,-73.61607524188003,3,Boyer / Everett,"Montréal, QC","Motivate International, Inc."
45.55158518908433,-73.59916493296623,3,Louis-Hébert / Bélanger,"Montréal, QC","Motivate International, Inc."
45.55982811984724,-73.65832507610321,0,Chambord / Fleury,"Montréal, QC","Motivate International, Inc."
45.54975479298636,-73.60556602478027,5,de Bordeaux / Jean-Talon,"Montréal, QC","Motivate International, Inc."
45.5517742671765,-73.60347837231528,1,Louis-Hémon / Jean-Talon,"Montréal, QC","Motivate International, Inc."
45.55081979211847,-73.62088680267334,1,Rousselot / Jarry,"Montréal, QC","Motivate International, Inc."
45.55702223161539,-73.6599015713,6,Péloquin / Fleury,"Montréal, QC","Motivate International, Inc."
45.547172039327485,-73.61815631389618,1,de Normanville / Villeray,"Montréal, QC","Motivate International, Inc."
45.544866999999996,-73.614841,5,de la Roche / Everett,"Montréal, QC","Motivate International, Inc."
45.54481928225348,-73.6215104162693,5,du Rosaire / St-Hubert,"Montréal, QC","Motivate International, Inc."
45.54640752148169,-73.63842844963074,0,Métro Crémazie (Crémazie / Lajeunesse),"Montréal, QC","Motivate International, Inc."
45.562509038048915,-73.61656039953232,7,2e avenue / Jean-Rivard,"Montréal, QC","Motivate International, Inc."
45.545841561840085,-73.62665355205536,2,de Chateaubriand / Jarry,"Montréal, QC","Motivate International, Inc."
45.54218173507584,-73.62268656492233,13,Lajeunesse / Villeray,"Montréal, QC","Motivate International, Inc."
45.54195463236575,-73.62994194030762,3,Drolet / Jarry,"Montréal, QC","Motivate International, Inc."
45.545580534390176,-73.63490000367165,6,Lajeunesse / de Liège,"Montréal, QC","Motivate International, Inc."
45.549868431421636,-73.64765658974648,1,Basile-Routhier / Chabanel,"Montréal, QC","Motivate International, Inc."
45.54983321292286,-73.64063255488873,9,Émile-Journault / de Chateaubriand,"Montréal, QC","Motivate International, Inc."
45.48097552629275,-73.56863468885422,2,Ropery / Augustin-Cantin,"Montréal, QC","Motivate International, Inc."
45.49449368327543,-73.55676054954529,7,Ann / Wellington,"Montréal, QC","Motivate International, Inc."
45.484966061164755,-73.56032252311707,10,Richardson / Montmorency,"Montréal, QC","Motivate International, Inc."
45.45760820718457,-73.59051011502743,11,Dubois / Eadie,"Montréal, QC","Motivate International, Inc."
45.59573798024675,-73.59529852867126,4,Parc Ferland (Belleherbe / Albanel),"Montréal, QC","Motivate International, Inc."
45.498132074644275,-73.57762072817422,17,Crescent / de Maisonneuve,"Montréal, QC","Motivate International, Inc."
45.49600732302391,-73.57334746981905,3,Crescent / René-Lévesque,"Montréal, QC","Motivate International, Inc."
45.5460355901214,-73.6465984582901,5,Parc Henri-Julien (Legendre / Henri-Julien),"Montréal, QC","Motivate International, Inc."
45.55456382820465,-73.59615683555603,4,6e avenue / Bélanger,"Montréal, QC","Motivate International, Inc."
45.48624101696415,-73.59572768211365,5,de la Côte St-Antoine / Argyle,"Montréal, QC","Motivate International, Inc."
45.48129146961133,-73.6003303527832,2,Victoria Hall,"Montréal, QC","Motivate International, Inc."
45.52275023118295,-73.57724860310555,15,Berri / Rachel,"Montréal, QC","Motivate International, Inc."
45.48390169543355,-73.56363236904144,15,Augustin-Cantin / Shearer,"Montréal, QC","Motivate International, Inc."
45.49682986230046,-73.57913017272949,25,Mackay / de Maisonneuve,"Montréal, QC","Motivate International, Inc."
45.495789104811756,-73.58259558677672,0,St-Mathieu / Sherbrooke,"Montréal, QC","Motivate International, Inc."
45.49497512853125,-73.57777043248461,10,Guy / Sainte-Catherine,"Montréal, QC","Motivate International, Inc."
45.48046706437983,-73.61122308304402,3,Notre-Dame-de-Grâce / Westmount,"Montréal, QC","Motivate International, Inc."
45.51522812881499,-73.5750961303711,22,des Pins / St-Laurent,"Montréal, QC","Motivate International, Inc."
45.45670282849069,-73.59764268636354,15,Hamilton / Jolicoeur,"Montréal, QC","Motivate International, Inc."
45.458663192410306,-73.59602272510529,12,Monk / Biencourt,"Montréal, QC","Motivate International, Inc."
45.47930107352825,-73.56629446148872,9,de Châteauguay / Ropery,"Montréal, QC","Motivate International, Inc."
45.4757434,-73.5646007,19,Ryde / Charlevoix,"Montréal, QC","Motivate International, Inc."
45.499330334344556,-73.57175691987322,0,Cypress / Peel,"Montréal, QC","Motivate International, Inc."
45.48013378575666,-73.58590811491013,7,Parc St-Henri (Laporte / Guay),"Montréal, QC","Motivate International, Inc."
45.49419955357054,-73.55998456478119,23,Peel / Ottawa,"Montréal, QC","Motivate International, Inc."
45.4828250990486,-73.56206325352105,12,Shearer / Centre,"Montréal, QC","Motivate International, Inc."
45.451030919298056,-73.5939010977745,3,Métro Monk (Allard / Beaulieu),"Montréal, QC","Motivate International, Inc."
45.49582294706495,-73.57696294784546,19,Mackay / Ste-Catherine,"Montréal, QC","Motivate International, Inc."
45.499515390738885,-73.57602953910826,18,Drummond / de Maisonneuve,"Montréal, QC","Motivate International, Inc."
45.491366875439965,-73.57010722160338,13,St-Jacques / Guy,"Montréal, QC","Motivate International, Inc."
45.44705915105563,-73.60229507088661,22,Métro Angrignon (Lamont /  des Trinitaires),"Montréal, QC","Motivate International, Inc."
45.47742856483265,-73.60016942024231,1,Victoria / de Maisonneuve,"Montréal, QC","Motivate International, Inc."
45.49790394592446,-73.57077571808077,6,Stanley / René-Lévesque,"Montréal, QC","Motivate International, Inc."
45.523594936648244,-73.56099039316177,1,Plessis / Ontario,"Montréal, QC","Motivate International, Inc."
45.486318644010225,-73.5702332854271,4,Canning / Notre-Dame,"Montréal, QC","Motivate International, Inc."
45.502939709023714,-73.56064036488532,4,St-Antoine / Jean-Paul Riopelle,"Montréal, QC","Motivate International, Inc."
45.5353599615622,-73.60363483428955,7,Métro Beaubien (de Chateaubriand / Beaubien),"Montréal, QC","Motivate International, Inc."
45.51166045593874,-73.56213569641113,12,de l'Hôtel-de-Ville / Ste-Catherine,"Montréal, QC","Motivate International, Inc."
45.461741021347436,-73.58412176370621,8,Parc St-Paul (Le Caron / Marc-Sauvalle),"Montréal, QC","Motivate International, Inc."
45.54043190217008,-73.61650675535202,1,de Castelnau / Lajeunesse,"Montréal, QC","Motivate International, Inc."
45.467665653865964,-73.59391784324544,9,de la Côte St-Paul / St-Ambroise,"Montréal, QC","Motivate International, Inc."
45.55456685087225,-73.73447299003601,1,Louis-R.-Renaud / Armand-Frappier,"Montréal, QC","Motivate International, Inc."
45.52711644190572,-73.54801654815674,19,Fullum / Ste-Catherine,"Montréal, QC","Motivate International, Inc."
45.48067368593179,-73.58351558446884,9,Bourget / St-Jacques,"Montréal, QC","Motivate International, Inc."
45.510200304274754,-73.6114051938057,0,Métro Édouard-Montpetit (du Mont-Royal / Vincent-d'Indy),"Montréal, QC","Motivate International, Inc."
45.50928960913111,-73.56241598725319,10,St-Laurent / Pl. du Marché,"Montréal, QC","Motivate International, Inc."
45.54250587659489,-73.74095320701599,8,Charles-Daoust / 75e avenue,"Montréal, QC","Motivate International, Inc."
45.53789110878484,-73.6182153224945,13,Henri-Julien / de Castelnau,"Montréal, QC","Motivate International, Inc."
45.472781067977614,-73.5852724313736,17,Ste-Émilie / Sir-Georges-Etienne-Cartier,"Montréal, QC","Motivate International, Inc."
45.493245802758366,-73.58368472341681,4,Lincoln / du Fort,"Montréal, QC","Motivate International, Inc."
45.5305193519952,-73.58780443668365,12,de Mentana / Laurier,"Montréal, QC","Motivate International, Inc."
45.51962176248447,-73.6662483215332,14,Stinson / Montpellier,"Montréal, QC","Motivate International, Inc."
45.550692068419764,-73.65636706352234,3,Métro Sauvé (Berri / Sauvé),"Montréal, QC","Motivate International, Inc."
45.49228068089086,-73.58096480369566,6,Ste-Catherine / Towers,"Montréal, QC","Motivate International, Inc."
45.52085479492202,-73.61573964357376,3,St-Cyril / Wiseman,"Montréal, QC","Motivate International, Inc."
45.48911308766352,-73.6470128595829,15,McLynn / Plamondon,"Montréal, QC","Motivate International, Inc."
45.5692509593831,-73.63642623429769,2,Parc Champdoré (Champdoré / de Lille),"Montréal, QC","Motivate International, Inc."
45.53382623467138,-73.57891023159026,8,Marquette / Gilford,"Montréal, QC","Motivate International, Inc."
45.51953948301331,-73.68516325950623,15,Ste-Croix / Tassé,"Montréal, QC","Motivate International, Inc."
45.56776565172907,-73.57968807220459,6,29e avenue / St-Zotique,"Montréal, QC","Motivate International, Inc."
45.54773931611951,-73.60693395137787,5,Métro Fabre (Papineau / Jean-Talon),"Montréal, QC","Motivate International, Inc."
45.553456845975276,-73.58784198760986,2,Beaubien / 8e avenue,"Montréal, QC","Motivate International, Inc."
45.474565185029945,-73.62403571605682,3,Harvard / de Monkland,"Montréal, QC","Motivate International, Inc."
45.48282602624293,-73.59084337949753,4,Hillside / Ste-Catherine,"Montréal, QC","Motivate International, Inc."
45.53968044327973,-73.63450437784195,14,Guizot / St-Laurent,"Montréal, QC","Motivate International, Inc."
45.60428796520824,-73.66491794586182,10,Mozart / François-Foucault,"Montréal, QC","Motivate International, Inc."
45.593421978698636,-73.6690217256546,5,De Callières / d'Auvergne,"Montréal, QC","Motivate International, Inc."
45.48184019359366,-73.59537899494171,8,Melville / de Maisonneuve,"Montréal, QC","Motivate International, Inc."
45.50235036136798,-73.56658279895781,4,Union / René-Lévesque,"Montréal, QC","Motivate International, Inc."
45.5063713381299,-73.5642009973526,5,Jeanne-Mance / René-Lévesque,"Montréal, QC","Motivate International, Inc."
45.52995941738481,-73.6329460144043,5,Bloomfield / Ball,"Montréal, QC","Motivate International, Inc."
45.539806548176045,-73.6872661113739,3,Laforest / Dudemaine,"Montréal, QC","Motivate International, Inc."
45.51340553558378,-73.56259435415267,10,Sanguinet / de Maisonneuve,"Montréal, QC","Motivate International, Inc."
45.51372291221464,-73.5603104531765,9,St-Denis / Ste-Catherine,"Montréal, QC","Motivate International, Inc."
45.512936177874096,-73.56124520301817,3,Ste-Catherine / Sanguinet,"Montréal, QC","Motivate International, Inc."
45.477384955188235,-73.61527817789465,3,Notre-Dame-de-Grâce / Décarie,"Montréal, QC","Motivate International, Inc."
45.50707812811467,-73.56139540672302,18,St-Urbain / de la Gauchetière,"Montréal, QC","Motivate International, Inc."
45.53935355552782,-73.59537363052368,4,Parc Père-Marquette ( de Bellechasse / de Lanaudière),"Montréal, QC","Motivate International, Inc."
45.52353,-73.55199,6,Métro Papineau (Cartier / Ste-Catherine),"Montréal, QC","Motivate International, Inc."
45.48697062,-73.58929306,1,de Maisonneuve / Greene,"Montréal, QC","Motivate International, Inc."
45.49863930330429,-73.57422709465027,3,Drummond / Ste-Catherine,"Montréal, QC","Motivate International, Inc."
45.500989292488576,-73.57050284743309,2,Mansfield / Cathcart,"Montréal, QC","Motivate International, Inc."
45.49658063218649,-73.5762146115303,3,Ste-Catherine / Bishop,"Montréal, QC","Motivate International, Inc."
45.491750449903954,-73.58394473791122,19,Chomedey / de Maisonneuve,"Montréal, QC","Motivate International, Inc."
45.53728040418993,-73.57534691691399,8,Gilford / des Érables,"Montréal, QC","Motivate International, Inc."
45.535541603465234,-73.56593906879425,15,Fullum / Terrasse Mercure,"Montréal, QC","Motivate International, Inc."
45.5074794530521,-73.57864737510681,1,University / Prince-Arthur,"Montréal, QC","Motivate International, Inc."
45.53972553109637,-73.67716491222382,12,Gare Bois-de-Boulogne,"Montréal, QC","Motivate International, Inc."
45.53632382385609,-73.51224955918042,6,St-Sylvestre / St-Charles,"Montréal, QC","Motivate International, Inc."
45.525762548812956,-73.59485328197479,7,Casgrain / Maguire,"Montréal, QC","Motivate International, Inc."
45.540780049797995,-73.63040059804916,5,de Gaspé / Jarry,"Montréal, QC","Motivate International, Inc."
45.55233742797057,-73.70748996734619,1,Legrand / Cartier,"Montréal, QC","Motivate International, Inc."
45.53520398241678,-73.6175217570053,14,St-Dominique / Jean-Talon,"Montréal, QC","Motivate International, Inc."
45.552289376429215,-73.61300647258759,6,Chabot / Villeray,"Montréal, QC","Motivate International, Inc."
45.57504823374693,-73.68799567222595,11,Ouimet / Goineau,"Montréal, QC","Motivate International, Inc."
45.50638390910643,-73.57630902532037,1,University / Milton,"Montréal, QC","Motivate International, Inc."
45.543423548290185,-73.63246187567711,5,Guizot / St-Denis,"Montréal, QC","Motivate International, Inc."
45.499797390231926,-73.6301752924919,8,de la Peltrie / de la Côte-des-Neiges,"Montréal, QC","Motivate International, Inc."
45.45290792768395,-73.58918591405198,4,Egan / Laurendeau,"Montréal, QC","Motivate International, Inc."
45.494686752797904,-73.63871866467889,12,Métro Plamondon (de Kent / Victoria),"Montréal, QC","Motivate International, Inc."
45.52655700191558,-73.5982757806778,28,St-Dominique / St-Viateur,"Montréal, QC","Motivate International, Inc."
45.539824,-73.508752,5,St-Charles / Grant,"Montréal, QC","Motivate International, Inc."
45.53221791147474,-73.57543140649796,13,Marquette / du Mont-Royal,"Montréal, QC","Motivate International, Inc."
45.516297540849614,-73.55801045894623,23,St-André / Ste-Catherine,"Montréal, QC","Motivate International, Inc."
45.50843904979172,-73.6729645729065,3,Métro du Collège (Cartier / Décarie),"Montréal, QC","Motivate International, Inc."
45.495537539518104,-73.6222583055769,4,Métro Côte-des-Neiges (Jean-Brillant / de la Côte-des-Neiges),"Montréal, QC","Motivate International, Inc."
45.571796348222385,-73.54152023792267,15,Monsabré / Boileau,"Montréal, QC","Motivate International, Inc."
45.48984195308291,-73.56737405061722,16,Notre-Dame / Guy,"Montréal, QC","Motivate International, Inc."
45.540105018786974,-73.65347027778625,11,Chabanel / Tolhurst,"Montréal, QC","Motivate International, Inc."
45.51694782364431,-73.62631559371948,5,Pratt / Bates,"Montréal, QC","Motivate International, Inc."
45.4891,-73.57656,3,Métro Georges-Vanier (St-Antoine / Canning),"Montréal, QC","Motivate International, Inc."
45.5303174,-73.5548669,7,Fullum / Ontario,"Montréal, QC","Motivate International, Inc."
45.559199,-73.599658,3,Métro St-Michel (Shaughnessy / St-Michel),"Montréal, QC","Motivate International, Inc."
45.55315915057821,-73.53263273835182,10,Bennett / Ste-Catherine,"Montréal, QC","Motivate International, Inc."
45.53039449604383,-73.70393217686795,10,Louisbourg / O'Brien,"Montréal, QC","Motivate International, Inc."
45.56007440937141,-73.68125259876251,1,Métro Cartier,"Montréal, QC","Motivate International, Inc."
45.500251758943925,-73.66171056035454,0,Métro de la Savane (Décarie / de Sorel),"Montréal, QC","Motivate International, Inc."
45.53308032414161,-73.6945965886116,12,Alfred Laliberté / de Poutrincourt,"Montréal, QC","Motivate International, Inc."
45.54758205939525,-73.66522908210754,5,Clark / Fleury,"Montréal, QC","Motivate International, Inc."
45.55814299291968,-73.71942043304443,9,Métro Montmorency,"Montréal, QC","Motivate International, Inc."
45.49384690142783,-73.57917845249176,10,Ste-Catherine / St-Mathieu,"Montréal, QC","Motivate International, Inc."
45.54407915308118,-73.66735741496086,10,Tolhurst / Fleury,"Montréal, QC","Motivate International, Inc."
45.47519326260791,-73.58094334602356,15,St-Ambroise / Louis-Cyr,"Montréal, QC","Motivate International, Inc."
45.56842034638607,-73.74687284231186,2,Terminus Le Carrefour (Terry-Fox / Le Carrefour),"Montréal, QC","Motivate International, Inc."
45.531921043052655,-73.59804779291153,4,Métro Rosemont (de St-Vallier / Rosemont),"Montréal, QC","Motivate International, Inc."
45.58470514858118,-73.71925413608551,2,Mexico / Valois,"Montréal, QC","Motivate International, Inc."
45.47117930747152,-73.6270022392273,6,de Hampton / de Monkland,"Montréal, QC","Motivate International, Inc."
45.43289463113104,-73.59685689210892,5,2e avenue / Centrale,"Montréal, QC","Motivate International, Inc."
45.52538954131252,-73.5820671916008,19,Métro Mont-Royal (Pontiac / du Mont-Royal),"Montréal, QC","Motivate International, Inc."
45.50619158460727,-73.64230799681536,12,Laird / Glencoe,"Montréal, QC","Motivate International, Inc."
45.515969694922276,-73.60827505588531,2,Parc Beaubien Outremont (Stuart / St-Viateur),"Montréal, QC","Motivate International, Inc."
45.55298554800475,-73.6386477202177,7,Complexe sportif Claude Robillard (Émile-Journault),"Montréal, QC","Motivate International, Inc."
45.56223427759079,-73.69167619946893,2,Parc St-Claude (8e rue / 7e avenue),"Montréal, QC","Motivate International, Inc."
45.55188644388879,-73.74444007873535,0,du Souvenir / Chomedey,"Montréal, QC","Motivate International, Inc."
45.524628485592636,-73.5958108305931,4,Maguire / St-Laurent,"Montréal, QC","Motivate International, Inc."
45.52799772330074,-73.61919969320297,7,Durocher / Beaumont,"Montréal, QC","Motivate International, Inc."
45.48819793805841,-73.58807051185067,1,Maisonneuve / Wood,"Montréal, QC","Motivate International, Inc."
